id,name,category,latitude,longitude
1,Patient First,Health,37.6497156,-77.6136393
2,Bon Secours Urgent Care,Health,37.6678724,-77.460347
3,Bon Secours St. Joseph's Outreach Clinic,Health,37.6304243,-77.459356
4,Parham Surgery Center,Health,37.6305856,-77.5236314
5,Glenburnie Rehabilitation and Nursing Center,Health,37.5882253,-77.5043375
6,Physical Medical Center,Health,37.5927029,-77.506568
7,Patient First,Health,37.639921,-77.4921669
8,VCU Health Short Pump Pavilion,Health,37.6573754,-77.6260896
9,Bon Secours Patterson Patient Center,Health,37.5967432,-77.5918315
10,Richmond Nephrology Associates - West Broad,Health,37.6085477,-77.5188705
11,RVA Pediatrics,Health,37.6199146,-77.6122452
12,Hanger Clinic,Health,37.6199276,-77.5230504
13,Fresenus Kidney Care,Health,37.6325709,-77.5097866
14,Henrico County Health Clinic,Health,37.6278001,-77.5103496
15,Elevate Dermatology & Plastic Surgery,Health,37.6239497,-77.5259803
16,,Health,37.6262555,-77.5305978
17,Laburnum Medical Center,Health,37.52564,-77.3554008
18,MedExpress,Health,37.5449807,-77.3674939
19,Virginia Oral & Facial Surgery,Health,37.6581712,-77.6275707
20,Kitto Plastic Surgery,Health,37.6563761,-77.619582
21,Zelazny Family Dentistry,Health,37.6746257,-77.46274
22,"Drs. LeRoux, Daylor, Poling, Michaels and Matsko--Optometrists",Health,37.6495725,-77.5777678
23,Dominion Health Education,Health,37.5189129,-77.353066
24,Home Care Assistance,Health,37.6050836,-77.5920587
25,Pediatric Center,Health,37.6235292,-77.6225358
26,The Little Clinic,Health,37.6375248,-77.514188
27,Humana,Health,37.5791948,-77.3965475
28,Spinal Correction Center of Richmond,Health,37.5952798,-77.5654943
29,BetterMed,Health,37.5854316,-77.4988122
30,Pivot Physical Therapy,Health,37.6710101,-77.4619144
31,APEX MD,Health,37.6814996,-77.5875823
32,West End Dermatology,Health,37.6413091,-77.569834
33,Concentra Urgent Care,Health,37.6452782,-77.5674382
34,Pediatric Associates of Richmond,Health,37.5927979,-77.5322273
35,Chronic Care of Richmond & Regenerative Medicine,Health,37.6272553,-77.5527877
36,Pulmonary Associates of Richmond,Health,37.6012449,-77.5134702
37,American Family Care,Health,37.6479037,-77.5856268
38,Tuckahoe Orthopaedics,Health,37.6581982,-77.6368987
39,OrthoVirginia,Health,37.66143,-77.6375748
40,CareNow Urgent Care,Health,37.6609512,-77.6383007
41,DaVita Dialysis,Health,37.5285415,-77.3604374
42,Glenside Medical Association,Health,37.6146893,-77.4981299
43,Vera Whole Health - Short Pump,Health,37.6495117,-77.6073361
44,CareNow Urgent Care,Health,37.6000446,-77.5648274
45,WEN Acupuncture & Wellness,Health,37.6433316,-77.5597035
46,LightRx,Health,37.652797,-77.6220581
47,DWH Health & Wellness Med Spa,Health,37.65207,-77.6209307
48,Local Infusion,Health,37.6478508,-77.5842599
49,Commonwealth Dermatology,Health,37.6021624,-77.5267731
50,Hear Virginia,Health,37.5838039,-77.4956933
51,CrossOver Healthcare Ministry,Health,37.6025544,-77.5652485
52,Passport Health Richmond Travel Clinic,Health,37.609238,-77.5243918
53,Commonwealth Primary Care,Health,37.6224487,-77.6070266
54,Acorn Pediatrics,Health,37.6308194,-77.5781081
55,Henrico Cardiology Associates - Short Pump,Health,37.6609918,-77.642982
56,Bon Secours Short Pump Emergency Center,Health,37.6620613,-77.6430767
57,Pediatric Associates of Richmond,Health,37.6547398,-77.6125685
58,EOS AgeWell Center,Health,37.640048,-77.5704607
59,Freshet Court,Food,37.5020263,-77.394356
60,Saint Martins Trail,Food,37.631183,-77.5500295
61,Saint Martins Trail,Food,37.631536,-77.550386
62,Saint Martin Lane,Food,37.6322628,-77.5486904
63,New Market Road,Food,37.4397607,-77.3410395
64,New Market Road,Food,37.416666,-77.2868294
65,New Market Heights Lane,Food,37.4347791,-77.3164075
66,Martin Avenue,Food,37.5764465,-77.4047935
67,Martin Street,Food,37.6093899,-77.4734203
68,New Market Road,Food,37.3982148,-77.2544751
69,New Market Road,Food,37.43324,-77.3272177
70,New Market Road,Food,37.4410681,-77.3435188
71,New Market Road,Food,37.4776014,-77.3925198
72,New Market Road,Food,37.4614902,-77.3790096
73,New Market Road,Food,37.4362749,-77.3334734
74,New Market Road,Food,37.4367644,-77.3347764
75,New Market Road,Food,37.4396847,-77.340751
76,New Market Road,Food,37.4335142,-77.3278726
77,Walmart Supercenter,Food,37.6519993,-77.6079783
78,Kroger,Food,37.6528796,-77.6257904
79,New Market Village Parkway,Food,37.4835226,-77.3636245
80,New Market Village Boulevard,Food,37.4839015,-77.3619112
81,New Market Village Boulevard,Food,37.4838645,-77.3617841
82,New Market Village Boulevard,Food,37.4823082,-77.363073
83,New Market Village Lane,Food,37.484488,-77.3630914
84,World Market,Food,37.6505838,-77.6003891
85,Whole Foods Market,Food,37.6477658,-77.5997327
86,Publix,Food,37.6490256,-77.6158726
87,PetSmart,Food,37.6568585,-77.6143933
88,Tom Leonard's Farmers Market,Food,37.6517781,-77.5992117
89,PetSmart,Food,37.6685579,-77.4631132
90,Publix,Food,37.675106,-77.4632117
91,Food Mart,Food,37.6709662,-77.4601657
92,7-Eleven,Food,37.6558627,-77.5221336
93,Kroger Marketplace,Food,37.6372018,-77.5143685
94,Food Lion,Food,37.6416418,-77.5142704
95,Wawa,Food,37.6352513,-77.5087277
96,7-Eleven,Food,37.5256583,-77.353195
97,Publix,Food,37.525517,-77.3518322
98,Walmart Supercenter,Food,37.604041,-77.5661449
99,Kraft Foods,Food,37.6430348,-77.4422858
100,Wawa,Food,37.6485608,-77.5899422
101,Kroger,Food,37.6410864,-77.5551598
102,7-Eleven,Food,37.6400415,-77.5605664
103,7-Eleven,Food,37.5965252,-77.6075639
104,New Market Road,Food,37.4304923,-77.317694
105,New Market Road,Food,37.450561,-77.3646452
106,Miller's,Food,37.6823036,-77.5900296
107,7-Eleven,Food,37.635598,-77.4599679
108,Wawa,Food,37.642978,-77.4610627
109,Kroger,Food,37.5197899,-77.3519495
110,Kroger,Food,37.6065999,-77.5921683
111,Kroger,Food,37.6036596,-77.5618271
112,,Food,37.6022244,-77.562657
113,Food Lion,Food,37.5165928,-77.3757715
114,Publix,Food,37.6225954,-77.6241602
115,Publix,Food,37.6399535,-77.5632644
116,Publix,Food,37.6567867,-77.5258257
117,7-Eleven,Food,37.6388291,-77.6316138
118,7-Eleven,Food,37.6516405,-77.6167094
119,New Market Park,Food,37.4282884,-77.3263224
120,Kenway Express,Food,37.5465842,-77.3665271
121,Walmart Supercenter,Food,37.5445939,-77.3639627
122,,Food,37.5463792,-77.3632183
123,Wawa,Food,37.591777,-77.5052994
124,Tan A Supermarket,Food,37.5949179,-77.5106712
125,,Food,37.6099476,-77.5138022
126,Wegmans,Food,37.6632417,-77.63524
127,Publix,Food,37.6839596,-77.5865194
128,Wawa,Food,37.5916971,-77.4926415
129,ALDI,Food,37.6375805,-77.5109514
130,Walmart Supercenter,Food,37.6029578,-77.5220782
131,New Grand Mart,Food,37.6343176,-77.5490282
132,West Broad Marketplace,Food,37.6630208,-77.6373618
133,Aldi,Food,37.6621756,-77.6439012
134,Fas Mart,Food,37.6836558,-77.5885678
135,Union First Market,Food,37.6775216,-77.5858154
136,Saint Martins Episcopal Church,Food,37.6320879,-77.5470561
137,Fas Mart,Food,37.6018895,-77.4233517
138,Ukrop's Market Hall,Food,37.5929529,-77.5339538
139,,Food,37.5920954,-77.5322138
140,7-Eleven,Food,37.6217076,-77.5284384
141,New Market Road,Food,37.458048,-77.375477
142,Varina Market,Food,37.4517353,-77.2997922
143,Horizon Food Store,Food,37.4455555,-77.231051
144,Parkside Marketplace,Food,37.6457178,-77.5825551
145,Staples Mill Marketplace,Food,37.6385073,-77.5151118
146,Lidl,Food,37.5803772,-77.4897621
147,Food Lion,Food,37.598952,-77.6220617
148,Food Lion,Food,37.6379156,-77.6322437
149,Sheetz,Food,37.6098732,-77.52006
150,Lucky Mart,Food,37.6270077,-77.5046218
151,Lidl,Food,37.6260767,-77.5031291
152,Roy's Express Mart,Food,37.6191824,-77.4996001
153,Fas Mart,Food,37.6656879,-77.6143766
154,7-Eleven,Food,37.5746406,-77.3982664
155,Stuart's Fresh Catch,Food,37.5590812,-77.4084897
156,,Food,37.5580394,-77.4078219
157,River City Market,Food,37.5537805,-77.4109014
158,,Food,37.6203642,-77.6112523
159,Valero,Food,37.59553,-77.5138772
160,7-Eleven,Food,37.5955224,-77.5142733
161,Queen Tea New Orleans Seafood,Food,37.5952075,-77.5155295
162,,Food,37.5942237,-77.56693
163,,Food,37.6078266,-77.5781291
164,7-Eleven,Food,37.5969057,-77.5937279
165,Aldi,Food,37.6098095,-77.5647096
166,7-Eleven,Food,37.6164197,-77.4712404
167,Fas Mart,Food,37.6060345,-77.4682282
168,Lakeside Corner Mart,Food,37.6010075,-77.4665978
169,7-Eleven,Food,37.6402166,-77.5583497
170,Supreme Flea Market,Food,37.5213572,-77.366378
171,New Market Deli,Food,37.4896407,-77.4023814
172,7-Eleven,Food,37.5197923,-77.3031024
173,,Food,37.533727,-77.3624937
174,Wawa,Food,37.5619443,-77.3768027
175,Fresh Wok,Food,37.5482059,-77.35964
176,Azalea Food Market & Deli,Food,37.6025794,-77.425047
177,International Market and Bakery,Food,37.6089606,-77.4484041
178,Super 8,Food,37.609756,-77.4459993
179,Express,Food,37.6092587,-77.4482796
180,,Food,37.5851493,-77.4213682
181,Royal Mart,Food,37.5849839,-77.4304536
182,7-Eleven,Food,37.5844735,-77.4350036
183,,Food,37.6024144,-77.4530848
184,Wawa,Food,37.6046092,-77.4538994
185,Tracs,Food,37.6414565,-77.4935131
186,Mega Mart,Food,37.6502165,-77.4692029
187,Mountain Express,Food,37.6511073,-77.4684989
188,7-Eleven,Food,37.6422631,-77.4932357
189,Dash In,Food,37.6078986,-77.4943296
190,7-Eleven,Food,37.5243951,-77.3275129
191,Fas Mart,Food,37.5213734,-77.3048113
192,Lucky Mart,Food,37.5221438,-77.3089765
193,Fas Mart,Food,37.5438386,-77.3089019
194,7-Eleven,Food,37.5373458,-77.3188961
195,7-Eleven,Food,37.4891221,-77.4033055
196,New Market Veterinary Clinic,Food,37.4473854,-77.3570818
197,New Market Sewer Pumping Station,Food,37.4582414,-77.3793694
198,Super 8,Food,37.6128387,-77.5202836
199,El Jardin Latino Market,Food,37.6271047,-77.5317269
200,Shell,Food,37.5106,-77.2412936
201,Fas-Mart,Food,37.5093856,-77.2396369
202,,Food,37.5204284,-77.3315473
203,,Food,37.5184621,-77.3424507
204,7-Eleven,Food,37.5184357,-77.3432337
205,Super 8,Food,37.5182013,-77.3436223
206,Varina Corner Mart & Vape Shop,Food,37.4336778,-77.3301764
207,Danco Mini-Mart,Food,37.518402,-77.3682853
208,7-Eleven,Food,37.5171809,-77.3517162
209,Lidl,Food,37.5153514,-77.3503649
210,Wawa,Food,37.5121044,-77.3489129
211,Citgo,Food,37.5179929,-77.3729199
212,Walmart Supercenter,Food,37.6311323,-77.4566976
213,Wawa,Food,37.5245861,-77.3292331
214,Corner Mart,Food,37.5180457,-77.3787363
215,Generator Supercenter of Richmond,Food,37.6436379,-77.5663253
216,Sheetz,Food,37.6406,-77.5718796
217,New Market Road,Food,37.4535139,-77.3694249
218,Saint Martins Trail,Food,37.6319865,-77.5500401
219,7-Eleven,Food,37.6220253,-77.5275998
220,Virginia Center Marketplace,Food,37.6738399,-77.4628426
221,New Market Road,Food,37.4054973,-77.2652475
222,Sheetz,Food,37.5232826,-77.3293573
223,Wawa,Food,37.6126307,-77.5638407
224,New Market Village,Food,37.4829635,-77.3618898
225,Dorey Farmer's Market,Food,37.4684076,-77.3367662
226,Farmer's Market Pavilion,Food,37.4686555,-77.3366939
227,,Food,37.544266,-77.3890798
228,Freshet Court,Food,37.5024129,-77.3948947
229,New Market Road,Food,37.3909206,-77.2438473
230,Red River Foods,Food,37.4963453,-77.3434391
231,Martin Metalfab,Food,37.5036053,-77.3401798
232,Dean Foods Company,Food,37.5302372,-77.3085401
233,7-Eleven,Food,37.5621173,-77.3749572
234,Tesla Supercharger,Food,37.5298213,-77.3538791
235,New Market Road,Food,37.4637547,-77.3811481
236,New Market Road,Food,37.4679783,-77.3853764
237,New Market Road,Food,37.4684134,-77.3858977
238,New Market Road,Food,37.4695868,-77.3873067
239,New Market Road,Food,37.4692938,-77.3869635
240,New Market Road,Food,37.4689819,-77.3865848
241,New Market Road,Food,37.4424042,-77.3461848
242,New Market Road,Food,37.4426075,-77.3467535
243,New Market Road,Food,37.4436308,-77.3495906
244,New Market Road,Food,37.4446854,-77.3524664
245,New Market Road,Food,37.4445822,-77.3522034
246,Royal Farms,Food,37.5592953,-77.4072754
247,New Market Road,Food,37.4393852,-77.3399935
248,New Market Road,Food,37.4464417,-77.3568298
249,New Market Road,Food,37.466798,-77.3841294
250,New Market Road,Food,37.4885273,-77.4010513
251,New Market Road,Food,37.4856123,-77.3977749
252,New Market Road,Food,37.4548298,-77.3720692
253,New Market Road,Food,37.454648,-77.3717058
254,New Market Road,Food,37.4543969,-77.3711812
255,New Market Road,Food,37.4540566,-77.3704867
256,New Market Road,Food,37.4538361,-77.3700486
257,New Market Road,Food,37.4448802,-77.3529638
258,Sheetz,Food,37.6038534,-77.5689863
259,,Food,37.5461969,-77.3671648
260,Shell,Food,37.6418404,-77.5708286
261,7-Eleven,Food,37.6519955,-77.610905
262,Dash In,Food,37.6348529,-77.456111
263,,Food,37.6346973,-77.4567327
264,,Food,37.4793496,-77.3517262
265,Super Stop,Food,37.4793454,-77.3520856
266,Fas Mart,Food,37.4450545,-77.351949
267,Tesla Supercharger,Food,37.66983,-77.46142
268,Food Lion,Food,37.681928,-77.5910002
269,Paradise Market,Food,37.648665,-77.5852347
270,Adnan Halal Meat & Grocery,Food,37.6461064,-77.5743062
271,Eyemart Express,Food,37.6520102,-77.6180664
272,Kroger,Food,37.5801603,-77.499168
273,Trader Joe's,Food,37.6490044,-77.6071544
274,Food Lion,Food,37.636963,-77.462161
275,The Fresh Market,Food,37.6040731,-77.5631608
276,Live Crawfish & Seafood,Food,37.6372828,-77.5477251
277,Supercuts,Food,37.640806,-77.5128169
278,Danny's Flower Market,Food,37.6026822,-77.5592387
279,El Parasio Latino Market,Food,37.6152984,-77.4990093
280,PetSmart,Food,37.5878783,-77.5027233
281,Food Lion,Food,37.6046076,-77.4522741
282,Tony's Market,Food,37.576732,-77.396981
283,Save-A-Lot,Food,37.5792884,-77.3961908
284,Food Lion,Food,37.5679158,-77.3999759
285,West Lake Chinese & Seafood,Food,37.5987948,-77.6211831
286,Food Lion,Food,37.6188777,-77.5220615
287,Tuckahoe Seafood,Food,37.595783,-77.5751063
288,Blessings Global Market,Food,37.5947119,-77.57354
289,7-Eleven,Food,37.6191224,-77.6383193
290,Smart Tax,Food,37.5991651,-77.6233331
291,Patterson Food Mart,Food,37.5982157,-77.6235667
292,,Food,37.666623,-77.5749279
293,,Food,37.6329378,-77.6145956
294,Nine Mile & Martin,Food,37.541222,-77.374368
295,Hudson,Food,37.5082495,-77.3313468
296,7-Eleven,Food,37.6013672,-77.5624957
297,Martial Arts,Food,37.621024,-77.6120612
298,,Food,37.610304,-77.4956454
299,APlus,Food,37.6131267,-77.4969568
300,Joe's,Food,37.5778161,-77.3950902
301,,Food,37.5609094,-77.3758118
302,Food Mart,Food,37.5374843,-77.320317
303,MartinAir,Food,37.517658,-77.3305474
304,Hudson,Food,37.5089099,-77.3306598
305,Ummah Market,Food,37.6443655,-77.5657788
306,Desi Street Food,Food,37.6390653,-77.5488857
307,Royal Bazaar,Food,37.6392012,-77.5492773
308,Aldi,Food,37.5961594,-77.5130028
309,Far East Oriental Grocery Store,Food,37.5958809,-77.5148332
310,White House Black Market,Food,37.656089,-77.6191006
311,Bushin Martial Arts Academy,Food,37.6141329,-77.4577224
312,PetSmart,Food,37.5312253,-77.3539233
313,K&G Fashion Superstore,Food,37.5312839,-77.3547398
314,Food Lion,Food,37.5500293,-77.3421972
315,Martha’s Beauty,Food,37.5686727,-77.399841
316,PGA Tour Superstore,Food,37.6453872,-77.5851606
317,Publix,Food,37.5909593,-77.5326533
318,Revel Market & Bar,Food,37.6136426,-77.4695932
319,Food Lion,Food,37.4429186,-77.3532153
320,Rocketts Market Cafe,Food,37.5164854,-77.4149777
321,The Mantu Market,Food,37.619459,-77.5212616
322,La Michoacana Meat Market,Food,37.6241609,-77.5031652
323,Sistar Seafood,Food,37.5185062,-77.3517361
324,Phoenix Fitness & Martial Arts,Food,37.6435302,-77.5717693
325,,Food,37.6398297,-77.5888494
326,7-Eleven,Food,37.6481528,-77.5817263
327,Kroger Convenience,Food,37.6532755,-77.6241201
328,Richmond Superbike,Food,37.5176693,-77.3465093
329,,Food,37.5950558,-77.5666738
330,Wawa,Food,37.6253179,-77.5316079
331,Gulfstream Seafood,Food,37.5856345,-77.4347742
332,Crafty Crab Seafood,Food,37.5441489,-77.3651711
333,Glen Allen Supermarket,Food,37.665707,-77.5060359
334,Bosna Market & Deli,Food,37.6268711,-77.5300477
335,,Food,37.6353755,-77.5461389
336,Martial Arts World,Food,37.5190104,-77.3530343
337,Rosie's Kitchen & Convenience Store,Food,37.518662,-77.3786985
338,Valero,Food,37.5187692,-77.373414
339,B & B Seafood,Food,37.5189409,-77.3665518
340,Hudson,Food,37.506949,-77.3313084
341,RVA Vapes,Food,37.5953465,-77.5095653
342,,Food,37.5527799,-77.4112605
343,Community Supermarket,Food,37.5529613,-77.4109491
344,,Food,37.5413979,-77.3754591
345,7-Eleven,Food,37.6298704,-77.5347293
346,Race Track Marketplace,Food,37.5847404,-77.4233608
347,,Food,37.586167,-77.4246889
348,S&M Deli Convenience,Food,37.5852099,-77.4283854
349,Gulfstream Seafood,Food,37.585483,-77.4344905
350,Loansmart,Food,37.5853872,-77.4255118
351,Quick N Easy,Food,37.6274673,-77.4579082
352,Quick Stop,Food,37.4702851,-77.3317081
353,Pinch's Soul Food & Catering,Food,37.5824944,-77.4235742
354,Asia Market,Food,37.6395369,-77.5586874
355,Snack Shop,Food,37.6358774,-77.5496947
356,Lotte Plaza Market,Food,37.6199802,-77.5273793
357,Lotte Food Court,Food,37.6197771,-77.5273242
358,Halal Market,Food,37.6371358,-77.5476181
359,,Food,37.6093027,-77.4468123
360,Master Cho's Martial Arts,Food,37.655702,-77.6121072
361,Schools,Education,37.69482797282955,-77.61432691625146
362,Schools,Education,37.672417758888855,-77.59963259450141
363,Schools,Education,37.65581783398749,-77.63912020000791
364,Schools,Education,37.64958038267085,-77.61198194695915
365,Schools,Education,37.63499001511321,-77.63246301806329
366,Schools,Education,37.60688360181044,-77.62817097971622
367,Schools,Education,37.60827617970573,-77.5793937476669
368,Schools,Education,37.602270706003814,-77.59009151063228
369,Schools,Education,37.593657732406854,-77.58235510737494
370,Schools,Education,37.584348084797746,-77.5531274176053
371,Schools,Education,37.60527972027637,-77.55956714251522
372,Schools,Education,37.60249307091602,-77.53880555136213
373,Schools,Education,37.60321086730511,-77.5050100397464
374,Schools,Education,37.60012138193676,-77.52026794324793
375,Schools,Education,37.61882287476326,-77.53627349436961
376,Schools,Education,37.64093573963957,-77.5465987951828
377,Schools,Education,37.668201573665,-77.5449926916536
378,Schools,Education,37.65722612617838,-77.56516983053979
379,Schools,Education,37.678372173112,-77.5232929653123
380,Schools,Education,37.63824365059544,-77.49180311106082
381,Schools,Education,37.654534759807056,-77.46400391370847
382,Schools,Education,37.619510461886875,-77.49013500635753
383,Schools,Education,37.61332128804352,-77.47885594983237
384,Schools,Education,37.63172039974236,-77.44216782083673
385,Schools,Education,37.59675331941751,-77.42832832446429
386,Schools,Education,37.58001020082744,-77.40095114325779
387,Schools,Education,37.568131129401756,-77.38938057890715
388,Schools,Education,37.571762448042634,-77.36409288040794
389,Schools,Education,37.53616451628517,-77.36594946455985
390,Schools,Education,37.542536380109865,-77.34062424472977
391,Schools,Education,37.533987109339584,-77.32044700147786
392,Schools,Education,37.53815766426202,-77.29285380481939
393,Schools,Education,37.524571127852035,-77.3127336218017
394,Schools,Education,37.516187806653065,-77.3047641254972
395,Schools,Education,37.51947767456031,-77.37634135554671
396,Schools,Education,37.482968530872036,-77.36738131953584
397,Schools,Education,37.46746978308153,-77.32456917548089
398,Schools,Education,37.4366106407093,-77.34520280280076
399,Schools,Education,37.44462450620371,-77.35458415466705
400,Schools,Education,37.63883425613155,-77.51899424913994
401,Schools,Education,37.62368148841297,-77.55840251979973
402,Schools,Education,37.687414496862324,-77.57982911991513
403,Schools,Education,37.67141524841663,-77.48719941362866
404,Schools,Education,37.66051232646886,-77.61402971647216
405,Schools,Education,37.57069307864444,-77.37943892059738
406,Schools,Education,37.6667369086766,-77.6098737774391
407,Schools,Education,37.6458744940825,-77.60828087310294
408,Schools,Education,37.60839590631079,-77.58185880398685
409,Schools,Education,37.608142441603725,-77.56022769770227
410,Schools,Education,37.62548707976464,-77.4813547256263
411,Schools,Education,37.64160455547604,-77.48172290549688
412,Schools,Education,37.6203408811311,-77.42166450993768
413,Schools,Education,37.54530536413047,-77.35976392090396
414,Schools,Education,37.47653255126091,-77.37301137178443
415,Schools,Education,37.657562151186276,-77.53726986068287
416,Schools,Education,37.503705560345395,-77.23254681183738
417,Schools,Education,37.68983912266094,-77.59022430346076
418,Schools,Education,37.61974090963101,-77.60480766436079
419,Schools,Education,37.601498009520135,-77.55853944137908
420,Schools,Education,37.60362754141677,-77.43150310247084
421,Schools,Education,37.53932007045532,-77.3241762442125
422,Schools,Education,37.47283598721254,-77.37686855818767
423,Schools,Education,37.66184114956885,-77.48175175014845
424,Schools,Education,37.63338452966313,-77.51705630385024
425,Schools,Education,37.62882559750662,-77.54834444228055
426,Schools,Education,37.675245118289624,-77.5992153805442
427,Schools,Education,37.66614474932515,-77.53417231040132
428,Schools,Education,37.692184462473705,-77.63176999011921
429,Libraries,Civic,37.56515874733671,-77.37662767045413
430,Libraries,Civic,37.60804155297477,-77.60733026054581
431,Libraries,Civic,37.66365494052221,-77.52763312260511
432,Libraries,Civic,37.64117036844954,-77.44024226132689
433,Libraries,Civic,37.52249544233967,-77.31241166054215
434,Libraries,Civic,37.61032347219855,-77.56704746864264
435,Libraries,Civic,37.67589601943928,-77.59508261238621
436,Libraries,Civic,37.5902569010104,-77.49655864502458
437,Libraries,Civic,37.459126727399656,-77.38037014332876
